,16S_SNP,16S_%_identity,23S_SNP,23S_%_identity,atpD_SNP,atpD_%_identity,groL_SNP,groL_%_identity,rpoB_SNP,rpoB_%_identity,tuf_SNP,tuf_%_identity,concat_SNP,concat_%_identity
1,2.0,0.9986936642717178,16.0,0.9948536506915406,11.0,0.9924709103353868,14.0,0.991389913899139,11.0,0.9924709103353868,5.0,0.9958018471872376,65.0,0.9935753292643752
