,target,avgSNP,medianSNP,minSNP,maxSNP,sdSNP
0,concat,1081.9461979913917,1121.0,27,1760,197.76580691526473
1,rpoB,378.6012605955227,384.0,0,608,67.16469148111125
2,tuf,102.55500978048251,103.0,0,204,23.373749960878044
3,groL,146.34671580887192,148.0,3,270,30.615902577576893
4,atpD,183.8906147163354,187.0,0,325,37.9117253142148
5,23S,224.94870944825954,241.0,1,383,56.372982112564735
6,16S,47.72927104491085,50.0,0,101,14.912816006278957
